<?xml version="1.0" encoding="UTF-8"?>
<project-private xmlns="http://www.netbeans.org/ns/project-private/1">
    <editor-bookmarks xmlns="http://www.netbeans.org/ns/editor-bookmarks/2" lastBookmarkId="0"/>
    <open-files xmlns="http://www.netbeans.org/ns/projectui-open-files/2">
        <group>
            <file>file:/C:/Users/USER717/Documents/Rwanda%20school/Sem%202/Edge%20computing/Group%20Assignment/library_client/src/library_client/add_book.java</file>
            <file>file:/C:/Users/USER717/Documents/Rwanda%20school/Sem%202/Edge%20computing/Group%20Assignment/library_client/src/library_client/Book_management.java</file>
        </group>
    </open-files>
</project-private>
