<?xml version="1.0" encoding="UTF-8"?>
<project-private xmlns="http://www.netbeans.org/ns/project-private/1">
    <editor-bookmarks xmlns="http://www.netbeans.org/ns/editor-bookmarks/2" lastBookmarkId="0"/>
    <open-files xmlns="http://www.netbeans.org/ns/projectui-open-files/2">
        <group>
            <file>file:/Users/appleinctechnologies/NetBeansProjects/Library_Desk_Client/src/desktop_library_pack/Home.java</file>
            <file>file:/Users/appleinctechnologies/NetBeansProjects/Library_Desk_Client/src/desktop_library_pack/Book_management.java</file>
            <file>file:/Users/appleinctechnologies/NetBeansProjects/Library_Desk_Client/src/desktop_library_pack/add_book.java</file>
        </group>
    </open-files>
</project-private>
